Movimentação,Tipo,Valor,Saldo antes,Saldo depois,Tarifa,Data,Horário,Situação,Nosso Número,Destino,Destino Documento,Destino Instituição,Destino Agência,Destino Conta,Origem,Origem Documento,Origem Instituição,Origem Agência,Origem Conta,Descrição
Crédito,Transferência entre contas Stone,"15,05","R$ 219,35","R$ 234,40","R$ 0,00",03/10/2026 14:02,14:02:07.317,Recebida,,Marinalva Travassos Sarinho Arruda,19.460.007/0001-14,Stone Instituição de Pagamento S.A.,0001,4961971-1,Stone Principal,16.501.555/0001-57,STONE INSTITUIÇÃO DE PAGAMENTO S.A.,0001,30772-8,
Crédito,Transferência entre contas Stone,"8,85","R$ 210,50","R$ 219,35","R$ 0,00",03/10/2026 12:36,12:36:35.567,Recebida,,Marinalva Travassos Sarinho Arruda,19.460.007/0001-14,Stone Instituição de Pagamento S.A.,0001,4961971-1,Stone Principal,16.501.555/0001-57,STONE INSTITUIÇÃO DE PAGAMENTO S.A.,0001,30772-8,
Crédito,Transferência entre contas Stone,"32,66","R$ 177,84","R$ 210,50","R$ 0,00",03/10/2026 12:12,12:12:14.741,Recebida,,Marinalva Travassos Sarinho Arruda,19.460.007/0001-14,Stone Instituição de Pagamento S.A.,0001,4961971-1,Stone Principal,16.501.555/0001-57,STONE INSTITUIÇÃO DE PAGAMENTO S.A.,0001,30772-8,
Crédito,Transferência entre contas Stone,"52,83","R$ 125,01","R$ 177,84","R$ 0,00",03/10/2026 12:04,12:04:34.834,Recebida,,Marinalva Travassos Sarinho Arruda,19.460.007/0001-14,Stone Instituição de Pagamento S.A.,0001,4961971-1,Stone Principal,16.501.555/0001-57,STONE INSTITUIÇÃO DE PAGAMENTO S.A.,0001,30772-8,
Débito,Pix,"-400,00","R$ 525,01","R$ 125,01",Grátis,03/10/2026 10:49,10:49:53.624,Enviado,,MARIA BETANIA DA SILVA SANTOS,***.959.704-**,Banco Inter S.A.,Desconhecido,Desconhecido,Marinalva Travassos Sarinho Arruda,19.460.007/0001-14,Stone Instituição de Pagamento S.A.,0001,4961971-1,
Crédito,Transferência entre contas Stone,"19,28","R$ 505,73","R$ 525,01","R$ 0,00",03/10/2026 10:11,10:11:06.991,Recebida,,Marinalva Travassos Sarinho Arruda,19.460.007/0001-14,Stone Instituição de Pagamento S.A.,0001,4961971-1,Stone Principal,16.501.555/0001-57,STONE INSTITUIÇÃO DE PAGAMENTO S.A.,0001,30772-8,
Crédito,Transação,"6,80","R$ 498,93","R$ 505,73",Grátis,03/10/2026 09:54,09:54:42.104,FINISHED,,Marinalva Travassos Sarinho Arruda,19.460.007/0001-14,Stone Instituição de Pagamento S.A.,0001,4961971-1,Stone Principal,16.501.555/0001-57,STONE INSTITUIÇÃO DE PAGAMENTO S.A.,Desconhecido,30772-8,
Crédito,Transação,"201,25","R$ 297,68","R$ 498,93",Grátis,03/10/2026 09:49,09:49:41.565,FINISHED,,Marinalva Travassos Sarinho Arruda,19.460.007/0001-14,Stone Instituição de Pagamento S.A.,0001,4961971-1,Stone Principal,16.501.555/0001-57,STONE INSTITUIÇÃO DE PAGAMENTO S.A.,Desconhecido,30772-8,
Crédito,Transferência entre contas Stone,"13,93","R$ 283,75","R$ 297,68","R$ 0,00",03/10/2026 07:30,07:30:22.919,Recebida,,Marinalva Travassos Sarinho Arruda,19.460.007/0001-14,Stone Instituição de Pagamento S.A.,0001,4961971-1,Stone Principal,16.501.555/0001-57,STONE INSTITUIÇÃO DE PAGAMENTO S.A.,0001,30772-8,
