30-01-2017,-100,Delivery
30-01-2017,-50,Tesco
01-02-2017,6000,Salary
02-02-2017,2000,Royalties
02-02-2017,-4000,Rent
03-02-2017,3000,Tesco
05-02-2017,-30,Cinema
05-02-2017,-500,Cinema
10-02-2017,-120,Delivery
15-02-2017,-80,Tesco
20-02-2017,250,Freelance
25-02-2017,-200,Restaurant
01-03-2017,6000,Salary
02-03-2017,1500,Royalties
03-03-2017,-4000,Rent
05-03-2017,-350,Tesco
08-03-2017,-45,Cinema
10-03-2017,-120,Delivery
15-03-2017,500,Freelance
20-03-2017,-250,Restaurant
25-03-2017,-100,Tesco
01-04-2017,6000,Salary
02-04-2017,1800,Royalties
03-04-2017,-4000,Rent
05-04-2017,-420,Tesco
08-04-2017,-60,Cinema
10-04-2017,-150,Delivery
15-04-2017,700,Freelance
20-04-2017,-300,Restaurant
25-04-2017,-90,Tesco
01-05-2017,6000,Salary
02-05-2017,1700,Royalties
03-05-2017,-4000,Rent
05-05-2017,-380,Tesco
08-05-2017,-75,Cinema
10-05-2017,-130,Delivery
15-05-2017,400,Freelance
20-05-2017,-250,Restaurant
25-05-2017,-110,Tesco
01-06-2017,6000,Salary
02-06-2017,1900,Royalties
03-06-2017,-4000,Rent
05-06-2017,-450,Tesco
08-06-2017,-50,Cinema
10-06-2017,-140,Delivery
15-06-2017,600,Freelance
20-06-2017,-280,Restaurant
25-06-2017,-120,Tesco
01-07-2017,6000,Salary
02-07-2017,1600,Royalties
03-07-2017,-4000,Rent
05-07-2017,-500,Tesco
08-07-2017,-80,Cinema
10-07-2017,-100,Delivery
15-07-2017,450,Freelance
20-07-2017,-320,Restaurant
25-07-2017,-130,Tesco
01-08-2017,6000,Salary
02-08-2017,2100,Royalties
03-08-2017,-4000,Rent
05-08-2017,-390,Tesco
08-08-2017,-90,Cinema
10-08-2017,-160,Delivery
15-08-2017,800,Freelance
20-08-2017,-350,Restaurant
25-08-2017,-100,Tesco
01-09-2017,6000,Salary
02-09-2017,1800,Royalties
03-09-2017,-4000,Rent
05-09-2017,-430,Tesco
08-09-2017,-55,Cinema
10-09-2017,-125,Delivery
15-09-2017,550,Freelance
20-09-2017,-270,Restaurant
25-09-2017,-95,Tesco
01-10-2017,6000,Salary
02-10-2017,2000,Royalties
03-10-2017,-4000,Rent
05-10-2017,-460,Tesco
08-10-2017,-70,Cinema
10-10-2017,-140,Delivery
15-10-2017,650,Freelance
20-10-2017,-310,Restaurant
25-10-2017,-115,Tesco
01-11-2017,6000,Salary
02-11-2017,1750,Royalties
03-11-2017,-4000,Rent
05-11-2017,-410,Tesco
08-11-2017,-65,Cinema
10-11-2017,-135,Delivery
15-11-2017,500,Freelance
20-11-2017,-290,Restaurant
25-11-2017,-105,Tesco
01-12-2017,6000,Salary
02-12-2017,2200,Royalties
03-12-2017,-4000,Rent
05-12-2017,-550,Tesco
08-12-2017,-100,Cinema
10-12-2017,-180,Delivery
15-12-2017,900,Freelance
20-12-2017,-400,Restaurant
25-12-2017,-250,Christmas
28-12-2017,-150,Tesco